"variable","lc","mean.P","quartile75","quartile25","mean.D","CI.upper","CI.lower"
"Acid.phosphatase","Cropland",0.5791544342086,0.807902066236875,0.372822321462185,-0.190309824678027,0.340157201571571,-0.736612603655776
"Acid.phosphatase","Grassland",0.632450221719442,0.814565613667595,0.467919954011427,0.108978736879928,0.670797857733653,-0.446650390898379
"Acid.phosphatase","Other",0.48297604748294,0.677711002472622,0.260335407498993,0.10560632170167,1.14045016055816,-0.885616812663954
"Acid.phosphatase","Woodland",0.596195711969772,0.827894297156285,0.404886302752937,-0.102039864785826,0.391236235552596,-0.593220416809285
"Basal_respiration","Cropland",0.515401001217026,0.765962965223432,0.262770360237836,-0.343563964060605,0.190576856186872,-0.896005479770419
"Basal_respiration","Grassland",0.291906114635645,0.397861141809293,0.119632447820481,0.154682630572037,0.718445235299726,-0.402557133522773
"Basal_respiration","Other",0.249203593906161,0.339056303393565,0.105912090455959,0.322005582311082,1.32588541859499,-0.685261420258085
"Basal_respiration","Woodland",0.514724917285574,0.725897101134167,0.311867082960992,-0.301152751872294,0.202661755252267,-0.79217587008449
"beta.glucosidase","Cropland",0.615285628591667,0.820660714758226,0.426860595315142,0.00806702291642274,0.542206836514642,-0.528981689935633
"beta.glucosidase","Grassland",0.609907131584058,0.823823553438047,0.414044722826483,0.0466328320277274,0.605460847892694,-0.510669199568784
"beta.glucosidase","Other",0.724586768888397,0.887076532880559,0.597149746125365,0.493828346230315,1.50153771738073,-0.529174398392381
"beta.glucosidase","Woodland",0.359153005035953,0.45208621644575,0.244264117796468,-0.0465147172871261,0.448685225810637,-0.536651932371213
"Cellulase","Cropland",0.610472181676313,0.810497017614988,0.415621210141526,-0.246046873628741,0.287679636377727,-0.791617950549905
"Cellulase","Grassland",0.491681828866853,0.668153190275103,0.293278474501117,-0.059748020607085,0.501229225978039,-0.614806854290607
"Cellulase","Other",0.401467513778463,0.555363988871585,0.210081508069774,0.563422373747233,1.54337980055327,-0.492130522056933
"Cellulase","Woodland",0.312219715497247,0.364948946561401,0.241375484209707,0.188583709996448,0.676686141463742,-0.311044350534587
"Cmic","Cropland",0.657634617615478,0.867503811981847,0.490608851098304,0.458690753749794,0.954152838422141,-0.136536882806935
"Cmic","Grassland",0.647382621724606,0.845685834563826,0.475254680768679,0.00882991368154957,0.566995403881144,-0.54781685730415
"Cmic","Other",0.16772247890654,0.215545115299347,0.0900213706186584,0.777509365321667,1.84009381767039,-0.290395714176165
"Cmic","Woodland",0.19000657827384,0.255339263894951,0.0648145594900525,-0.0236792206601353,0.468604375425686,-0.515966922961754
"MWD","Cropland",0.621425672763142,0.832529837174148,0.433816412963863,0.0442703045842779,0.578859504412961,-0.492367301235073
"MWD","Grassland",0.515118439108361,0.730047774968551,0.297227628475367,0.0689276762034829,0.627162559746969,-0.488884593081795
"MWD","Other",0.720303352697959,0.877698184578182,0.586097043405577,-0.200996485624223,0.796833961322138,-1.19381716809061
"MWD","Woodland",0.619534969927164,0.818383346171035,0.436122875521649,0.167188283764297,0.659661174002651,-0.328047970753064
"N.actylglucosaminidase","Cropland",0.59944368017253,0.806998584925156,0.421528411202385,0.0480215163813376,0.581559460455414,-0.490583798247984
"N.actylglucosaminidase","Grassland",0.560164777374212,0.784458209340697,0.355170913772728,0.00144293025420448,0.56719250400869,-0.549273759251439
"N.actylglucosaminidase","Other",0.675239845100995,0.855448279570531,0.530417330658865,0.452653998154881,1.46572314230143,-0.564301931442081
"N.actylglucosaminidase","Woodland",0.409929828663696,0.537517050254755,0.245458058109151,-0.0632149637223148,0.440830206005697,-0.54525948701008
"WSA","Cropland",0.63802827205849,0.844553789845703,0.448980414626419,0.185321200257458,0.719690100230048,-0.355770283657135
"WSA","Grassland",0.624301712801489,0.825367991392571,0.451864619272438,-0.0110778708279639,0.54455281336579,-0.570879549563216
"WSA","Other",0.516541859617291,0.705060738754164,0.31859393926454,0.702905858389938,1.75809076520316,-0.352630364800815
"WSA","Woodland",0.241907032595723,0.342673563810628,0.0834107395371284,0.0824988616128258,0.574349188211556,-0.410740374293076
"Xylosidase","Cropland",0.645770728372676,0.842853125229562,0.47844808614748,0.176770543939846,0.705486105596042,-0.369668470072405
"Xylosidase","Grassland",0.384152613705123,0.560993859882274,0.167510164868238,0.104365318705228,0.662449981913123,-0.452397031813482
"Xylosidase","Other",0.542694879466426,0.756429681061111,0.327612225955194,0.193193116386676,1.20391494230574,-0.796516720742004
"Xylosidase","Woodland",0.574592380349552,0.783331243770774,0.404693149054719,-0.245557604272231,0.257072426963915,-0.734385947792522
